{
  "timestamp": "2025-12-09T07:08:52.034924",
  "summary": {
    "total_operations": 30,
    "total_time_ms": 9423240.32613635,
    "operations": {
      "dataset_loading": {
        "count": 5,
        "total_time_ms": 32750.184886157513,
        "avg_time_ms": 6550.0369772315025,
        "min_time_ms": 2900.6918147206306,
        "max_time_ms": 9500.163845717907,
        "avg_memory_delta_mb": 0.0
      },
      "dataset_processing": {
        "count": 5,
        "total_time_ms": 68365.13144150376,
        "avg_time_ms": 13673.026288300753,
        "min_time_ms": 41.19434952735901,
        "max_time_ms": 34654.69116345048,
        "avg_memory_delta_mb": 0.0
      },
      "model_loading": {
        "count": 5,
        "total_time_ms": 55561.37865409255,
        "avg_time_ms": 11112.27573081851,
        "min_time_ms": 5632.024992257357,
        "max_time_ms": 32134.378980845213,
        "avg_memory_delta_mb": 35254.31103515625
      },
      "inference_calibration": {
        "count": 5,
        "total_time_ms": 4631612.767960876,
        "avg_time_ms": 926322.5535921752,
        "min_time_ms": 643427.1953999996,
        "max_time_ms": 1465483.0397889018,
        "avg_memory_delta_mb": 1.625
      },
      "inference_test": {
        "count": 5,
        "total_time_ms": 4633581.496898085,
        "avg_time_ms": 926716.299379617,
        "min_time_ms": 644250.2383179963,
        "max_time_ms": 1465396.4059129357,
        "avg_memory_delta_mb": 0.0
      },
      "probability_extraction": {
        "count": 5,
        "total_time_ms": 1369.3662956357002,
        "avg_time_ms": 273.87325912714005,
        "min_time_ms": 248.84417280554771,
        "max_time_ms": 310.86330860853195,
        "avg_memory_delta_mb": 0.0
      }
    },
    "memory": {
      "peak_allocated_mb": 56078.77294921875,
      "avg_allocated_mb": 40885.24283417567,
      "avg_utilization_percent": 94.6889166146808,
      "snapshots_count": 4809
    },
    "bottlenecks": [
      {
        "operation": "inference_calibration",
        "time_percent": 49.15095665250742,
        "recommendation": "Inference is slow. Consider: larger batch size, Flash Attention, or quantization."
      },
      {
        "operation": "inference_test",
        "time_percent": 49.17184892383948,
        "recommendation": "Inference is slow. Consider: larger batch size, Flash Attention, or quantization."
      }
    ]
  },
  "timing_records": [
    {
      "name": "dataset_loading",
      "duration_ms": 9500.163845717907,
      "gpu_memory_before_mb": 0.0,
      "gpu_memory_after_mb": 0.0,
      "gpu_memory_delta_mb": 0.0,
      "metadata": {
        "task": "qa",
        "num_samples": 10000
      }
    },
    {
      "name": "dataset_processing",
      "duration_ms": 243.75171214342117,
      "gpu_memory_before_mb": 0.0,
      "gpu_memory_after_mb": 0.0,
      "gpu_memory_delta_mb": 0.0,
      "metadata": {
        "task": "qa"
      }
    },
    {
      "name": "model_loading",
      "duration_ms": 32134.378980845213,
      "gpu_memory_before_mb": 0.0,
      "gpu_memory_after_mb": 35254.31103515625,
      "gpu_memory_delta_mb": 35254.31103515625,
      "metadata": {
        "model": "gemma-2-9b-it",
        "dtype": "float32"
      }
    },
    {
      "name": "inference_calibration",
      "duration_ms": 838109.797578305,
      "gpu_memory_before_mb": 35254.31103515625,
      "gpu_memory_after_mb": 35262.43603515625,
      "gpu_memory_delta_mb": 8.125,
      "metadata": {
        "model": "gemma-2-9b-it",
        "strategy": "base",
        "num_samples": 4998,
        "batch_size": 1
      }
    },
    {
      "name": "inference_test",
      "duration_ms": 838894.4134116173,
      "gpu_memory_before_mb": 35262.43603515625,
      "gpu_memory_after_mb": 35262.43603515625,
      "gpu_memory_delta_mb": 0.0,
      "metadata": {
        "model": "gemma-2-9b-it",
        "strategy": "base",
        "num_samples": 5002,
        "batch_size": 1
      }
    },
    {
      "name": "probability_extraction",
      "duration_ms": 273.4858877956867,
      "gpu_memory_before_mb": 35262.43603515625,
      "gpu_memory_after_mb": 35262.43603515625,
      "gpu_memory_delta_mb": 0.0,
      "metadata": {
        "model": "gemma-2-9b-it"
      }
    },
    {
      "name": "dataset_loading",
      "duration_ms": 9203.910078853369,
      "gpu_memory_before_mb": 8.125,
      "gpu_memory_after_mb": 8.125,
      "gpu_memory_delta_mb": 0.0,
      "metadata": {
        "task": "rc",
        "num_samples": 10000
      }
    },
    {
      "name": "dataset_processing",
      "duration_ms": 41.19434952735901,
      "gpu_memory_before_mb": 8.125,
      "gpu_memory_after_mb": 8.125,
      "gpu_memory_delta_mb": 0.0,
      "metadata": {
        "task": "rc"
      }
    },
    {
      "name": "model_loading",
      "duration_ms": 5632.024992257357,
      "gpu_memory_before_mb": 8.125,
      "gpu_memory_after_mb": 35262.43603515625,
      "gpu_memory_delta_mb": 35254.31103515625,
      "metadata": {
        "model": "gemma-2-9b-it",
        "dtype": "float32"
      }
    },
    {
      "name": "inference_calibration",
      "duration_ms": 847503.4988224506,
      "gpu_memory_before_mb": 35262.43603515625,
      "gpu_memory_after_mb": 35262.43603515625,
      "gpu_memory_delta_mb": 0.0,
      "metadata": {
        "model": "gemma-2-9b-it",
        "strategy": "base",
        "num_samples": 4999,
        "batch_size": 1
      }
    },
    {
      "name": "inference_test",
      "duration_ms": 849136.6054154932,
      "gpu_memory_before_mb": 35262.43603515625,
      "gpu_memory_after_mb": 35262.43603515625,
      "gpu_memory_delta_mb": 0.0,
      "metadata": {
        "model": "gemma-2-9b-it",
        "strategy": "base",
        "num_samples": 5001,
        "batch_size": 1
      }
    },
    {
      "name": "probability_extraction",
      "duration_ms": 275.3128819167614,
      "gpu_memory_before_mb": 35262.43603515625,
      "gpu_memory_after_mb": 35262.43603515625,
      "gpu_memory_delta_mb": 0.0,
      "metadata": {
        "model": "gemma-2-9b-it"
      }
    },
    {
      "name": "dataset_loading",
      "duration_ms": 5579.925373196602,
      "gpu_memory_before_mb": 8.125,
      "gpu_memory_after_mb": 8.125,
      "gpu_memory_delta_mb": 0.0,
      "metadata": {
        "task": "ci",
        "num_samples": 10000
      }
    },
    {
      "name": "dataset_processing",
      "duration_ms": 48.24286699295044,
      "gpu_memory_before_mb": 8.125,
      "gpu_memory_after_mb": 8.125,
      "gpu_memory_delta_mb": 0.0,
      "metadata": {
        "task": "ci"
      }
    },
    {
      "name": "model_loading",
      "duration_ms": 6082.805998623371,
      "gpu_memory_before_mb": 8.125,
      "gpu_memory_after_mb": 35262.43603515625,
      "gpu_memory_delta_mb": 35254.31103515625,
      "metadata": {
        "model": "gemma-2-9b-it",
        "dtype": "float32"
      }
    },
    {
      "name": "inference_calibration",
      "duration_ms": 837089.2363712192,
      "gpu_memory_before_mb": 35262.43603515625,
      "gpu_memory_after_mb": 35262.43603515625,
      "gpu_memory_delta_mb": 0.0,
      "metadata": {
        "model": "gemma-2-9b-it",
        "strategy": "base",
        "num_samples": 4999,
        "batch_size": 1
      }
    },
    {
      "name": "inference_test",
      "duration_ms": 835903.8338400424,
      "gpu_memory_before_mb": 35262.43603515625,
      "gpu_memory_after_mb": 35262.43603515625,
      "gpu_memory_delta_mb": 0.0,
      "metadata": {
        "model": "gemma-2-9b-it",
        "strategy": "base",
        "num_samples": 5001,
        "batch_size": 1
      }
    },
    {
      "name": "probability_extraction",
      "duration_ms": 310.86330860853195,
      "gpu_memory_before_mb": 35262.43603515625,
      "gpu_memory_after_mb": 35262.43603515625,
      "gpu_memory_delta_mb": 0.0,
      "metadata": {
        "model": "gemma-2-9b-it"
      }
    },
    {
      "name": "dataset_loading",