{
  "timestamp": "2025-12-09T23:44:04.438124",
  "summary": {
    "total_operations": 30,
    "total_time_ms": 6893919.482596219,
    "operations": {
      "dataset_loading": {
        "count": 5,
        "total_time_ms": 13540.622789412737,
        "avg_time_ms": 2708.1245578825474,
        "min_time_ms": 878.1585730612278,
        "max_time_ms": 5047.456283122301,
        "avg_memory_delta_mb": 0.0
      },
      "dataset_processing": {
        "count": 5,
        "total_time_ms": 63280.06676957011,
        "avg_time_ms": 12656.013353914022,
        "min_time_ms": 45.243896543979645,
        "max_time_ms": 32577.19323784113,
        "avg_memory_delta_mb": 0.0
      },
      "model_loading": {
        "count": 5,
        "total_time_ms": 149983.90326276422,
        "avg_time_ms": 29996.780652552843,
        "min_time_ms": 28228.416979312897,
        "max_time_ms": 31917.220678180456,
        "avg_memory_delta_mb": 27625.01611328125
      },
      "inference_calibration": {
        "count": 5,
        "total_time_ms": 3331626.6160085797,
        "avg_time_ms": 666325.323201716,
        "min_time_ms": 419940.3054229915,
        "max_time_ms": 1099946.359563619,
        "avg_memory_delta_mb": 1.625
      },
      "inference_test": {
        "count": 5,
        "total_time_ms": 3333893.355894834,
        "avg_time_ms": 666778.6711789668,
        "min_time_ms": 420614.8140653968,
        "max_time_ms": 1102256.6215246916,
        "avg_memory_delta_mb": 0.0
      },
      "probability_extraction": {
        "count": 5,
        "total_time_ms": 1594.9178710579872,
        "avg_time_ms": 318.98357421159744,
        "min_time_ms": 253.5570077598095,
        "max_time_ms": 568.8390396535397,
        "avg_memory_delta_mb": 0.0
      }
    },
    "memory": {
      "peak_allocated_mb": 41509.20361328125,
      "avg_allocated_mb": 30511.728493869894,
      "avg_utilization_percent": 91.95544554455445,
      "snapshots_count": 3434
    },
    "bottlenecks": [
      {
        "operation": "inference_calibration",
        "time_percent": 48.3270311528777,
        "recommendation": "Inference is slow. Consider: larger batch size, Flash Attention, or quantization."
      },
      {
        "operation": "inference_test",
        "time_percent": 48.35991143080924,
        "recommendation": "Inference is slow. Consider: larger batch size, Flash Attention, or quantization."
      }
    ]
  },
  "timing_records": [
    {
      "name": "dataset_loading",
      "duration_ms": 5047.456283122301,
      "gpu_memory_before_mb": 0.0,
      "gpu_memory_after_mb": 0.0,
      "gpu_memory_delta_mb": 0.0,
      "metadata": {
        "task": "qa",
        "num_samples": 10000
      }
    },
    {
      "name": "dataset_processing",
      "duration_ms": 304.4908717274666,
      "gpu_memory_before_mb": 0.0,
      "gpu_memory_after_mb": 0.0,
      "gpu_memory_delta_mb": 0.0,
      "metadata": {
        "task": "qa"
      }
    },
    {
      "name": "model_loading",
      "duration_ms": 30802.016776055098,
      "gpu_memory_before_mb": 0.0,
      "gpu_memory_after_mb": 27625.01611328125,
      "gpu_memory_delta_mb": 27625.01611328125,
      "metadata": {
        "model": "mistral-7b-instruct",
        "dtype": "float32"
      }
    },
    {
      "name": "inference_calibration",
      "duration_ms": 625351.4249101281,
      "gpu_memory_before_mb": 27625.01611328125,
      "gpu_memory_after_mb": 27633.14111328125,
      "gpu_memory_delta_mb": 8.125,
      "metadata": {
        "model": "mistral-7b-instruct",
        "strategy": "base",
        "num_samples": 4998,
        "batch_size": 2
      }
    },
    {
      "name": "inference_test",
      "duration_ms": 624778.5131335258,
      "gpu_memory_before_mb": 27633.14111328125,
      "gpu_memory_after_mb": 27633.14111328125,
      "gpu_memory_delta_mb": 0.0,
      "metadata": {
        "model": "mistral-7b-instruct",
        "strategy": "base",
        "num_samples": 5002,
        "batch_size": 2
      }
    },
    {
      "name": "probability_extraction",
      "duration_ms": 262.5741437077522,
      "gpu_memory_before_mb": 27633.14111328125,
      "gpu_memory_after_mb": 27633.14111328125,
      "gpu_memory_delta_mb": 0.0,
      "metadata": {
        "model": "mistral-7b-instruct"
      }
    },
    {
      "name": "dataset_loading",
      "duration_ms": 2163.1531305611134,
      "gpu_memory_before_mb": 8.125,
      "gpu_memory_after_mb": 8.125,
      "gpu_memory_delta_mb": 0.0,
      "metadata": {
        "task": "rc",
        "num_samples": 10000
      }
    },
    {
      "name": "dataset_processing",
      "duration_ms": 316.44265726208687,
      "gpu_memory_before_mb": 8.125,
      "gpu_memory_after_mb": 8.125,
      "gpu_memory_delta_mb": 0.0,
      "metadata": {
        "task": "rc"
      }
    },
    {
      "name": "model_loading",
      "duration_ms": 28807.26756155491,
      "gpu_memory_before_mb": 8.125,
      "gpu_memory_after_mb": 27633.14111328125,
      "gpu_memory_delta_mb": 27625.01611328125,
      "metadata": {
        "model": "mistral-7b-instruct",
        "dtype": "float32"
      }
    },
    {
      "name": "inference_calibration",
      "duration_ms": 591073.4561122954,
      "gpu_memory_before_mb": 27633.14111328125,
      "gpu_memory_after_mb": 27633.14111328125,
      "gpu_memory_delta_mb": 0.0,
      "metadata": {
        "model": "mistral-7b-instruct",
        "strategy": "base",
        "num_samples": 4999,
        "batch_size": 2
      }
    },
    {
      "name": "inference_test",
      "duration_ms": 591742.6483035088,
      "gpu_memory_before_mb": 27633.14111328125,
      "gpu_memory_after_mb": 27633.14111328125,
      "gpu_memory_delta_mb": 0.0,
      "metadata": {
        "model": "mistral-7b-instruct",
        "strategy": "base",
        "num_samples": 5001,
        "batch_size": 2
      }
    },
    {
      "name": "probability_extraction",
      "duration_ms": 254.58112731575966,
      "gpu_memory_before_mb": 27633.14111328125,
      "gpu_memory_after_mb": 27633.14111328125,
      "gpu_memory_delta_mb": 0.0,
      "metadata": {
        "model": "mistral-7b-instruct"
      }
    },
    {
      "name": "dataset_loading",
      "duration_ms": 3912.079617381096,
      "gpu_memory_before_mb": 8.125,
      "gpu_memory_after_mb": 8.125,
      "gpu_memory_delta_mb": 0.0,
      "metadata": {
        "task": "ci",
        "num_samples": 10000
      }
    },
    {
      "name": "dataset_processing",
      "duration_ms": 45.243896543979645,
      "gpu_memory_before_mb": 8.125,
      "gpu_memory_after_mb": 8.125,
      "gpu_memory_delta_mb": 0.0,
      "metadata": {
        "task": "ci"
      }
    },
    {
      "name": "model_loading",
      "duration_ms": 28228.416979312897,
      "gpu_memory_before_mb": 8.125,
      "gpu_memory_after_mb": 27633.14111328125,
      "gpu_memory_delta_mb": 27625.01611328125,
      "metadata": {
        "model": "mistral-7b-instruct",
        "dtype": "float32"
      }
    },
    {
      "name": "inference_calibration",
      "duration_ms": 595315.0699995458,
      "gpu_memory_before_mb": 27633.14111328125,
      "gpu_memory_after_mb": 27633.14111328125,
      "gpu_memory_delta_mb": 0.0,
      "metadata": {
        "model": "mistral-7b-instruct",
        "strategy": "base",
        "num_samples": 4999,
        "batch_size": 2
      }
    },
    {
      "name": "inference_test",
      "duration_ms": 594500.7588677108,
      "gpu_memory_before_mb": 27633.14111328125,
      "gpu_memory_after_mb": 27633.14111328125,
      "gpu_memory_delta_mb": 0.0,
      "metadata": {
        "model": "mistral-7b-instruct",
        "strategy": "base",
        "num_samples": 5001,
        "batch_size": 2
      }
    },
    {
      "name": "probability_extraction",
      "duration_ms": 568.8390396535397,
      "gpu_memory_before_mb": 27633.14111328125,
      "gpu_memory_after_mb": 27633.14111328125,
      "gpu_memory_delta_mb": 0.0,