{
  "timestamp": "20251208_015946",
  "total_time_seconds": 3667.4000911712646,
  "total_runs": 10,
  "models": [
    "gemma-2-2b-it"
  ],
  "tasks": [
    "ds",
    "qa",
    "ci",
    "rc",
    "drs"
  ],
  "dtypes": [
    "float16"
  ],
  "overall_accuracy": 0.2471816312467215,
  "overall_coverage": 0.9411742761403736,
  "overall_set_size": 5.570182117115161,
  "guarantee_met_ratio": 0.8
}