{
  "claim1": {
    "claim_id": 1,
    "claim_description": "Higher accuracy may exhibit lower certainty (smaller prediction sets)",
    "supported": true,
    "evidence": {
      "pearson_correlation": -0.9511349715957231,
      "pearson_p_value": 8.030178143842081e-16,
      "spearman_correlation": -0.8931671710205684,
      "spearman_p_value": 3.180257116527834e-11,
      "n_data_points": 30,
      "accuracy_range": [
        0.20595880823835233,
        0.8148370325934813
      ],
      "set_size_range": [
        1.4949010197960408,
        5.319936012797441
      ],
      "per_task_correlations": {
        "ds": {
          "correlation": -0.8606252225180554,
          "p_value": 0.02778429247177258,
          "n": 6
        },
        "rc": {
          "correlation": -0.9883238605499641,
          "p_value": 0.00020370243160618037,
          "n": 6
        },
        "ci": {
          "correlation": -0.9915549719111967,
          "p_value": 0.00010667660576558611,
          "n": 6
        },
        "drs": {
          "correlation": -0.962030886842024,
          "p_value": 0.0021351111775415087,
          "n": 6
        },
        "qa": {
          "correlation": -0.9904249543246358,
          "p_value": 0.0001370833222544316,
          "n": 6
        }
      },
      "per_model_stats": {
        "gemma-2-9b-it": {
          "mean_accuracy": 0.7186279897159313,
          "mean_set_size": 2.3261107154818537,
          "n_tasks": 5
        },
        "mistral-7b": {
          "mean_accuracy": 0.47360960434862254,
          "mean_set_size": 3.9920349876446144,
          "n_tasks": 5
        },
        "stablelm-2-1.6b": {
          "mean_accuracy": 0.25470014353786585,
          "mean_set_size": 5.115049800915466,
          "n_tasks": 5
        },
        "mistral-7b-instruct": {
          "mean_accuracy": 0.47420995608954974,
          "mean_set_size": 3.618267198219692,
          "n_tasks": 5
        },
        "phi-2": {
          "mean_accuracy": 0.27397457733563246,
          "mean_set_size": 5.166037836015364,
          "n_tasks": 5
        },
        "tinyllama-1.1b": {
          "mean_accuracy": 0.2175476380133809,
          "mean_set_size": 5.005473107697533,
          "n_tasks": 5
        }
      },
      "conformal_method": "lac",
      "dtype": "float32"
    },
    "interpretation": "Claim SUPPORTED: Significant negative correlation (r=-0.951, p=0.0000). Higher accuracy is associated with smaller prediction sets (higher certainty).",
    "statistical_significance": 8.030178143842081e-16
  },
  "claim2": {
    "claim_id": 2,
    "claim_description": "Larger models may display greater uncertainty (larger prediction sets)",
    "supported": false,
    "evidence": {
      "size_setsize_pearson_correlation": -0.9361508128032123,
      "size_setsize_pearson_p_value": 0.005984930470641514,
      "size_setsize_spearman_correlation": -0.753702346348183,
      "size_setsize_spearman_p_value": 0.0835232813732598,
      "size_accuracy_correlation": 0.9626072843915586,
      "size_accuracy_p_value": 0.0020711812395573744,
      "n_models": 6,
      "model_breakdown": {
        "gemma-2-9b-it": {
          "size_billions": 9.0,
          "mean_set_size": 2.3261107154818537,
          "std_set_size": 0.7719908130087582,
          "mean_accuracy": 0.7186279897159313,
          "n_tasks": 5
        },
        "mistral-7b": {
          "size_billions": 7.0,
          "mean_set_size": 3.9920349876446144,
          "std_set_size": 0.26069066043958905,
          "mean_accuracy": 0.47360960434862254,
          "n_tasks": 5
        },
        "mistral-7b-instruct": {
          "size_billions": 7.0,
          "mean_set_size": 3.618267198219692,
          "std_set_size": 0.6469148352909756,
          "mean_accuracy": 0.47420995608954974,
          "n_tasks": 5
        },
        "phi-2": {
          "size_billions": 2.7,
          "mean_set_size": 5.166037836015364,
          "std_set_size": 0.07166872150220946,
          "mean_accuracy": 0.27397457733563246,
          "n_tasks": 5
        },
        "stablelm-2-1.6b": {
          "size_billions": 1.6,
          "mean_set_size": 5.115049800915466,
          "std_set_size": 0.1435784959807127,
          "mean_accuracy": 0.25470014353786585,
          "n_tasks": 5
        },
        "tinyllama-1.1b": {
          "size_billions": 1.1,
          "mean_set_size": 5.005473107697533,
          "std_set_size": 0.3187181002004109,
          "mean_accuracy": 0.2175476380133809,
          "n_tasks": 5
        }
      },
      "models_sorted_by_size": [
        "tinyllama-1.1b",
        "stablelm-2-1.6b",
        "phi-2",
        "mistral-7b",
        "mistral-7b-instruct",
        "gemma-2-9b-it"
      ],
      "conformal_method": "lac",
      "dtype": "float32"
    },
    "interpretation": "Claim NOT SUPPORTED: Correlation is negative or zero (r=-0.936, p=0.0060). Larger models do not show greater uncertainty in this data.",
    "statistical_significance": 0.005984930470641514
  },
  "claim3": {
    "claim_id": 3,
    "claim_description": "Instruction-tuning increases uncertainty (larger prediction sets)",
    "supported": false,
    "evidence": {
      "paired_ttest_t_stat": -1.8068040242131025,
      "paired_ttest_p_value": 0.14508547202605152,
      "wilcoxon_stat": 3.0,
      "wilcoxon_p_value": 0.90625,
      "mean_difference_instruct_minus_base": -0.3737677894249221,
      "n_comparisons": 5,
      "instruct_larger_count": 2,
      "pair_comparisons": {
        "mistral-7b_vs_mistral-7b-instruct": {
          "base_model": "mistral-7b",
          "instruct_model": "mistral-7b-instruct",
          "n_tasks_compared": 5,
          "tasks": {
            "ds": {
              "base_set_size": 3.638872225554889,
              "instruct_set_size": 2.5588882223555287,
              "difference": -1.0799840031993604,
              "instruct_larger": false,
              "base_accuracy": 0.6260747850429914,
              "instruct_accuracy": 0.6260747850429914
            },
            "rc": {
              "base_set_size": 3.716856628674265,
              "instruct_set_size": 3.2675464907018594,
              "difference": -0.4493101379724056,
              "instruct_larger": false,
              "base_accuracy": 0.5156968606278745,
              "instruct_accuracy": 0.5226954609078185
            },
            "ci": {
              "base_set_size": 4.165966806638672,
              "instruct_set_size": 3.7398520295940814,
              "difference": -0.426114777044591,
              "instruct_larger": false,
              "base_accuracy": 0.45030993801239755,
              "instruct_accuracy": 0.45030993801239755
            },
            "drs": {
              "base_set_size": 4.273345330933814,
              "instruct_set_size": 4.296340731853629,
              "difference": 0.022995400919815445,
              "instruct_larger": true,
              "base_accuracy": 0.384123175364927,
              "instruct_accuracy": 0.3919216156768646
            },
            "qa": {
              "base_set_size": 4.165133946421432,
              "instruct_set_size": 4.228708516593363,
              "difference": 0.06357457017193102,
              "instruct_larger": true,
              "base_accuracy": 0.39184326269492203,
              "instruct_accuracy": 0.38004798080767693
            }
          },
          "mean_base_set_size": 3.9920349876446144,
          "mean_instruct_set_size": 3.618267198219692,
          "tasks_where_instruct_larger": 2
        }
      },
      "conformal_method": "lac",
      "dtype": "float32"
    },
    "interpretation": "Claim NOT SUPPORTED: Instruction-tuned models do NOT have larger prediction sets (mean diff=-0.374, p=0.1451). Base models may actually show more uncertainty.",
    "statistical_significance": 0.14508547202605152
  },
  "summary": {
    "conformal_method": "lac",
    "dtype": "float32",
    "claims_supported": 1,
    "claims_total": 3,
    "claim1_supported": true,