{
  "timestamp": "2025-12-06T20:11:12.014593",
  "summary": {
    "total_operations": 30,
    "total_time_ms": 283776.68697700225,
    "operations": {
      "dataset_loading": {
        "count": 5,
        "total_time_ms": 251233.22702700054,
        "avg_time_ms": 50246.64540540011,
        "min_time_ms": 715.6916560002173,
        "max_time_ms": 204594.3859199999,
        "avg_memory_delta_mb": 0.0
      },
      "dataset_processing": {
        "count": 5,
        "total_time_ms": 76.09663000084765,
        "avg_time_ms": 15.21932600016953,
        "min_time_ms": 2.741744000104518,
        "max_time_ms": 50.06345700030579,
        "avg_memory_delta_mb": 0.0
      },
      "model_loading": {
        "count": 5,
        "total_time_ms": 13351.941964000162,
        "avg_time_ms": 2670.3883928000323,
        "min_time_ms": 2386.759903999973,
        "max_time_ms": 3037.0288720000644,
        "avg_memory_delta_mb": 4196.35205078125
      },
      "inference_calibration": {
        "count": 5,
        "total_time_ms": 9711.98359500022,
        "avg_time_ms": 1942.396719000044,
        "min_time_ms": 1242.8896790002,
        "max_time_ms": 2722.545504000209,
        "avg_memory_delta_mb": 1.625
      },
      "inference_test": {
        "count": 5,
        "total_time_ms": 9384.728526000345,
        "avg_time_ms": 1876.945705200069,
        "min_time_ms": 985.9658430000309,
        "max_time_ms": 2758.263222000096,
        "avg_memory_delta_mb": 0.0
      },
      "probability_extraction": {
        "count": 5,
        "total_time_ms": 18.70923500018762,
        "avg_time_ms": 3.7418470000375237,
        "min_time_ms": 2.982867000355327,
        "max_time_ms": 4.928533999645879,
        "avg_memory_delta_mb": 0.0
      }
    },
    "memory": {
      "peak_allocated_mb": 9333.48046875,
      "avg_allocated_mb": 643.0592767446319,
      "avg_utilization_percent": -1,
      "snapshots_count": 163
    },
    "bottlenecks": [
      {
        "operation": "dataset_loading",
        "time_percent": 88.53201780009536,
        "recommendation": "Model loading is expected to be slow. Consider caching or using quantization."
      }
    ]
  },
  "timing_records": [
    {
      "name": "dataset_loading",
      "duration_ms": 204594.3859199999,
      "gpu_memory_before_mb": 0.0,
      "gpu_memory_after_mb": 0.0,
      "gpu_memory_delta_mb": 0.0,
      "metadata": {
        "task": "qa",
        "num_samples": 100
      }
    },
    {
      "name": "dataset_processing",
      "duration_ms": 2.741744000104518,
      "gpu_memory_before_mb": 0.0,
      "gpu_memory_after_mb": 0.0,
      "gpu_memory_delta_mb": 0.0,
      "metadata": {
        "task": "qa"
      }
    },
    {
      "name": "model_loading",
      "duration_ms": 3037.0288720000644,
      "gpu_memory_before_mb": 0.0,
      "gpu_memory_after_mb": 4196.35205078125,
      "gpu_memory_delta_mb": 4196.35205078125,
      "metadata": {
        "model": "tinyllama-1.1b",
        "dtype": "float32"
      }
    },
    {
      "name": "inference_calibration",
      "duration_ms": 2460.905324000123,
      "gpu_memory_before_mb": 4196.35205078125,
      "gpu_memory_after_mb": 4204.47705078125,
      "gpu_memory_delta_mb": 8.125,
      "metadata": {
        "model": "tinyllama-1.1b",
        "strategy": "base",
        "num_samples": 49,
        "batch_size": 39
      }
    },
    {
      "name": "inference_test",
      "duration_ms": 2283.0429830000867,
      "gpu_memory_before_mb": 4204.47705078125,
      "gpu_memory_after_mb": 4204.47705078125,
      "gpu_memory_delta_mb": 0.0,
      "metadata": {
        "model": "tinyllama-1.1b",
        "strategy": "base",
        "num_samples": 51,
        "batch_size": 39
      }
    },
    {
      "name": "probability_extraction",
      "duration_ms": 3.423640000164596,
      "gpu_memory_before_mb": 4204.47705078125,
      "gpu_memory_after_mb": 4204.47705078125,
      "gpu_memory_delta_mb": 0.0,
      "metadata": {
        "model": "tinyllama-1.1b"
      }
    },
    {
      "name": "dataset_loading",
      "duration_ms": 31988.604685000155,
      "gpu_memory_before_mb": 8.125,
      "gpu_memory_after_mb": 8.125,
      "gpu_memory_delta_mb": 0.0,
      "metadata": {
        "task": "rc",
        "num_samples": 100
      }
    },
    {
      "name": "dataset_processing",
      "duration_ms": 2.958921000299597,
      "gpu_memory_before_mb": 8.125,
      "gpu_memory_after_mb": 8.125,
      "gpu_memory_delta_mb": 0.0,
      "metadata": {
        "task": "rc"
      }
    },
    {
      "name": "model_loading",
      "duration_ms": 2747.7923480000754,
      "gpu_memory_before_mb": 8.125,
      "gpu_memory_after_mb": 4204.47705078125,
      "gpu_memory_delta_mb": 4196.35205078125,
      "metadata": {
        "model": "tinyllama-1.1b",
        "dtype": "float32"
      }
    },
    {
      "name": "inference_calibration",
      "duration_ms": 1434.8309029996926,
      "gpu_memory_before_mb": 4204.47705078125,
      "gpu_memory_after_mb": 4204.47705078125,
      "gpu_memory_delta_mb": 0.0,
      "metadata": {
        "model": "tinyllama-1.1b",
        "strategy": "base",
        "num_samples": 49,
        "batch_size": 39
      }
    },
    {
      "name": "inference_test",
      "duration_ms": 1456.0129540000162,
      "gpu_memory_before_mb": 4204.47705078125,
      "gpu_memory_after_mb": 4204.47705078125,
      "gpu_memory_delta_mb": 0.0,
      "metadata": {
        "model": "tinyllama-1.1b",
        "strategy": "base",
        "num_samples": 51,
        "batch_size": 39
      }
    },
    {
      "name": "probability_extraction",
      "duration_ms": 4.928533999645879,
      "gpu_memory_before_mb": 4204.47705078125,
      "gpu_memory_after_mb": 4204.47705078125,
      "gpu_memory_delta_mb": 0.0,
      "metadata": {
        "model": "tinyllama-1.1b"
      }
    },
    {
      "name": "dataset_loading",
      "duration_ms": 12963.167841000086,
      "gpu_memory_before_mb": 8.125,
      "gpu_memory_after_mb": 8.125,
      "gpu_memory_delta_mb": 0.0,
      "metadata": {
        "task": "ci",
        "num_samples": 100
      }
    },
    {
      "name": "dataset_processing",
      "duration_ms": 3.4919029999400664,
      "gpu_memory_before_mb": 8.125,
      "gpu_memory_after_mb": 8.125,
      "gpu_memory_delta_mb": 0.0,
      "metadata": {
        "task": "ci"
      }
    },
    {
      "name": "model_loading",
      "duration_ms": 2677.2458539999207,
      "gpu_memory_before_mb": 8.125,
      "gpu_memory_after_mb": 4204.47705078125,
      "gpu_memory_delta_mb": 4196.35205078125,
      "metadata": {
        "model": "tinyllama-1.1b",
        "dtype": "float32"
      }
    },
    {
      "name": "inference_calibration",
      "duration_ms": 1850.8121849999952,
      "gpu_memory_before_mb": 4204.47705078125,
      "gpu_memory_after_mb": 4204.47705078125,
      "gpu_memory_delta_mb": 0.0,
      "metadata": {
        "model": "tinyllama-1.1b",
        "strategy": "base",
        "num_samples": 49,
        "batch_size": 39
      }
    },
    {
      "name": "inference_test",
      "duration_ms": 1901.4435240001148,
      "gpu_memory_before_mb": 4204.47705078125,
      "gpu_memory_after_mb": 4204.47705078125,
      "gpu_memory_delta_mb": 0.0,
      "metadata": {
        "model": "tinyllama-1.1b",
        "strategy": "base",
        "num_samples": 51,
        "batch_size": 39
      }
    },
    {
      "name": "probability_extraction",
      "duration_ms": 2.982867000355327,
      "gpu_memory_before_mb": 4204.47705078125,
      "gpu_memory_after_mb": 4204.47705078125,
      "gpu_memory_delta_mb": 0.0,
      "metadata": {
        "model": "tinyllama-1.1b"
      }
    },
    {
      "name": "dataset_loading",
      "duration_ms": 971.376925000186,
      "gpu_memory_before_mb": 8.125,
      "gpu_memory_after_mb": 8.125,
      "gpu_memory_delta_mb": 0.0,
      "metadata": {
        "task": "drs",
        "num_samples": 100
      }
    },
    {
      "name": "dataset_processing",