{
  "timestamp": "20251206_200534",
  "total_time_seconds": 324.8949098587036,
  "total_runs": 10,
  "models": [
    "tinyllama-1.1b"
  ],
  "tasks": [
    "qa",
    "ds",
    "drs",
    "rc",
    "ci"
  ],
  "dtypes": [
    "float32"
  ],
  "overall_accuracy": 0.1764705882352941,
  "overall_coverage": 0.9411764705882353,
  "overall_set_size": 5.43921568627451,
  "guarantee_met_ratio": 0.9
}