{
  "timestamp": "20251206_200236",
  "total_time_seconds": 412.7203495502472,
  "total_runs": 10,
  "models": [
    "tinyllama-1.1b"
  ],
  "tasks": [
    "rc",
    "ds",
    "qa",
    "drs",
    "ci"
  ],
  "dtypes": [
    "float16"
  ],
  "overall_accuracy": 0.1803921568627451,
  "overall_coverage": 0.9529411764705882,
  "overall_set_size": 5.537254901960785,
  "guarantee_met_ratio": 0.8
}