{
  "timestamp": "20251201_221015",
  "total_time_seconds": 5532.339757442474,
  "total_runs": 20,
  "models": [
    "tinyllama-1.1b",
    "phi-2"
  ],
  "tasks": [
    "qa",
    "ds",
    "ci",
    "drs",
    "rc"
  ],
  "dtypes": [
    "float16"
  ],
  "overall_accuracy": 0.31690491851089997,
  "overall_coverage": 0.9411180535848047,
  "overall_set_size": 5.33921503867799,
  "guarantee_met_ratio": 0.85
}