{
  "timestamp": "20251206_195225",
  "total_time_seconds": 264.04346537590027,
  "total_runs": 2,
  "models": [
    "tinyllama-1.1b"
  ],
  "tasks": [
    "qa"
  ],
  "dtypes": [
    "float16"
  ],
  "overall_accuracy": 0.23529411764705882,
  "overall_coverage": 0.9803921568627452,
  "overall_set_size": 5.8235294117647065,
  "guarantee_met_ratio": 1.0
}