{
  "timestamp": "20251207_172657",
  "total_time_seconds": 3347.629162311554,
  "total_runs": 8,
  "models": [
    "tinyllama-1.1b"
  ],
  "tasks": [
    "drs",
    "qa",
    "ci",
    "ds"
  ],
  "dtypes": [
    "float32"
  ],
  "overall_accuracy": 0.2169455453171661,
  "overall_coverage": 0.943064121082221,
  "overall_set_size": 5.381071121841206,
  "guarantee_met_ratio": 0.625
}