{
  "timestamp": "20251209_150038",
  "total_time_seconds": 1691.5241181850433,
  "total_runs": 10,
  "models": [
    "stablelm-2-1.6b"
  ],
  "tasks": [
    "rc",
    "ci",
    "qa",
    "ds",
    "drs"
  ],
  "dtypes": [
    "float32"
  ],
  "overall_accuracy": 0.25470014353786574,
  "overall_coverage": 0.900503481870599,
  "overall_set_size": 5.037145125952819,
  "guarantee_met_ratio": 0.6
}