{
  "timestamp": "20251209_042823",
  "total_time_seconds": 9619.307335615158,
  "total_runs": 10,
  "models": [
    "gemma-2-9b-it"
  ],
  "tasks": [
    "rc",
    "qa",
    "ds",
    "drs",
    "ci"
  ],
  "dtypes": [
    "float32"
  ],
  "overall_accuracy": 0.7186279897159313,
  "overall_coverage": 0.9133804586543706,
  "overall_set_size": 2.8940771781669254,
  "guarantee_met_ratio": 0.6
}