,ci,drs,ds,qa,rc,Average,Rank
tinyllama-1.1b,0.9575163398692811,0.93,0.89,0.9640522875816994,0.9313725490196078,0.9345882352941176,1
