,ci,drs,ds,qa,rc,Average,Rank
tinyllama-1.1b,0.13071895424836602,0.5666666666666668,0.44,0.23529411764705885,0.30718954248366015,0.3359738562091504,1
