,ci,drs,ds,qa,rc,Average,Rank
tinyllama-1.1b,5.366013071895424,5.423333333333333,2.776666666666667,5.718954248366013,5.366013071895426,4.930196078431373,1
