{
  "timestamp": "20251205_155226",
  "total_time_seconds": 40.04118061065674,
  "total_runs": 40,
  "models": [
    "phi-2",
    "stablelm-2-1.6b",
    "tinyllama-1.1b"
  ],
  "tasks": [
    "ds",
    "qa",
    "rc",
    "drs",
    "ci"
  ],
  "dtypes": [
    "float32",
    "float16"
  ],
  "overall_accuracy": 0.21862745098039219,
  "overall_coverage": 0.9470588235294117,
  "overall_set_size": 5.568627450980392,
  "guarantee_met_ratio": 0.85
}