{
  "timestamp": "20251205_155226",
  "total_time_seconds": 113.97066402435303,
  "total_runs": 30,
  "models": [
    "phi-2",
    "tinyllama-1.1b",
    "stablelm-2-1.6b"
  ],
  "tasks": [
    "rc",
    "ci",
    "ds",
    "qa",
    "drs"
  ],
  "dtypes": [
    "float16",
    "float32"
  ],
  "overall_accuracy": 0.2169934640522876,
  "overall_coverage": 0.949673202614379,
  "overall_set_size": 5.577124183006537,
  "guarantee_met_ratio": 0.8666666666666667
}