,ci,drs,ds,qa,rc,Average,Rank
tinyllama-1.1b,0.23529411764705888,1.0,0.5066666666666667,0.2679738562091503,0.2549019607843137,0.45296732026143793,1
