,ci,drs,ds,qa,rc,Average,Rank
tinyllama-1.1b,0.954248366013072,1.0,0.98,0.9640522875816994,0.9477124183006537,0.969202614379085,1
