,ci,drs,ds,qa,rc,Average,Rank
tinyllama-1.1b,4.254901960784314,1.45,2.36,4.045751633986928,4.04248366013072,3.230627450980392,1
