{
  "accuracy_uncertainty_tradeoff": {
    "num_samples": 15,
    "counterexamples": [],
    "num_counterexamples": 0,
    "correlation": {
      "metric1": "accuracy",
      "metric2": "set_size",
      "pearson": {
        "r": -0.5950459246429877,
        "p_value": 0.01928204699960444
      },
      "spearman": {
        "r": -0.34495098671459,
        "p_value": 0.20796674471099502
      },
      "kendall": {
        "tau": -0.30622360094038115,
        "p_value": 0.11284551966851863
      }
    },
    "interpretation": "Strong negative correlation: Higher accuracy \u2192 Lower uncertainty (expected)"
  },
  "aggregated_results": {
    "results_matrix": {
      "('ci', 'accuracy')": {
        "smollm-1.7b": 0.19607843137254902,
        "smollm-135m": 0.30718954248366015,
        "smollm-360m": 0.22222222222222224
      },
      "('ci', 'set_size')": {
        "smollm-1.7b": 4.111111111111111,
        "smollm-135m": 4.310457516339869,
        "smollm-360m": 4.15359477124183
      },
      "('ci', 'coverage_rate')": {
        "smollm-1.7b": 0.9444444444444443,
        "smollm-135m": 0.9771241830065359,
        "smollm-360m": 0.9346405228758169
      },
      "('drs', 'accuracy')": {
        "smollm-1.7b": 0.8866666666666667,
        "smollm-135m": 1.0,
        "smollm-360m": 0.18000000000000002
      },
      "('drs', 'set_size')": {
        "smollm-1.7b": 1.8433333333333335,
        "smollm-135m": 1.5,
        "smollm-360m": 2.4
      },
      "('drs', 'coverage_rate')": {
        "smollm-1.7b": 0.98,
        "smollm-135m": 1.0,
        "smollm-360m": 0.9866666666666667
      },
      "('ds', 'accuracy')": {
        "smollm-1.7b": 0.37999999999999995,
        "smollm-135m": 0.66,
        "smollm-360m": 0.07333333333333335
      },
      "('ds', 'set_size')": {
        "smollm-1.7b": 2.8000000000000003,
        "smollm-135m": 3.533333333333333,
        "smollm-360m": 2.6166666666666667
      },
      "('ds', 'coverage_rate')": {
        "smollm-1.7b": 1.0,
        "smollm-135m": 0.9899999999999999,
        "smollm-360m": 0.9666666666666667
      },
      "('qa', 'accuracy')": {
        "smollm-1.7b": 0.28758169934640526,
        "smollm-135m": 0.23529411764705885,
        "smollm-360m": 0.23529411764705885
      },
      "('qa', 'set_size')": {
        "smollm-1.7b": 4.261437908496732,
        "smollm-135m": 5.218954248366013,
        "smollm-360m": 5.352941176470588
      },
      "('qa', 'coverage_rate')": {
        "smollm-1.7b": 0.9411764705882352,
        "smollm-135m": 0.9281045751633986,
        "smollm-360m": 0.9477124183006537
      },
      "('rc', 'accuracy')": {
        "smollm-1.7b": 0.37254901960784315,
        "smollm-135m": 0.326797385620915,
        "smollm-360m": 0.3006535947712418
      },
      "('rc', 'set_size')": {
        "smollm-1.7b": 3.947712418300654,
        "smollm-135m": 3.9771241830065365,
        "smollm-360m": 4.166666666666667
      },
      "('rc', 'coverage_rate')": {
        "smollm-1.7b": 0.9673202614379085,
        "smollm-135m": 0.9509803921568628,
        "smollm-360m": 0.9738562091503268
      }
    },
    "model_rankings": {
      "smollm-135m": 1,
      "smollm-1.7b": 2,
      "smollm-360m": 3
    },
    "task_rankings": {
      "ci": {
        "smollm-135m": 1,
        "smollm-360m": 2,
        "smollm-1.7b": 3
      },
      "drs": {
        "smollm-135m": 1,
        "smollm-1.7b": 2,
        "smollm-360m": 3
      },
      "ds": {
        "smollm-135m": 1,
        "smollm-1.7b": 2,
        "smollm-360m": 3
      },
      "qa": {
        "smollm-1.7b": 1,
        "smollm-135m": 2,
        "smollm-360m": 3
      },
      "rc": {
        "smollm-1.7b": 1,
        "smollm-135m": 2,
        "smollm-360m": 3
      }
    },
    "summary_stats": {
      "accuracy": {
        "mean": 0.37757734204793025,
        "std": 0.2552244063762926,
        "min": 0.07333333333333335,
        "max": 1.0
      },
      "set_size": {
        "mean": 3.6128888888888886,
        "std": 1.1055249086779575,
        "min": 1.5,
        "max": 5.352941176470588
      },
      "coverage_rate": {
        "mean": 0.9659128540305011,
        "std": 0.022743506150522064,
        "min": 0.9281045751633986,
        "max": 1.0
      },
      "num_models": 3,
      "num_tasks": 5,
      "total_evaluations": 15
    },
    "best_overall": "smollm-135m",
    "best_per_task": {
      "ci": "smollm-135m",
      "drs": "smollm-135m",
      "ds": "smollm-135m",
      "qa": "smollm-1.7b",
      "rc": "smollm-1.7b"
    }
  }
}