,ci,qa,rc,Average,Rank
smollm-135m,5.53921568627451,5.669934640522875,5.5130718954248366,5.5740740740740735,1
tinyllama-1.1b,5.366013071895424,5.718954248366013,5.366013071895426,5.483660130718955,2
smollm-360m,5.418300653594772,5.545751633986928,5.2026143790849675,5.388888888888889,3
