,ci,qa,rc,Average,Rank
smollm-360m,0.2549019607843137,0.18954248366013074,0.2745098039215686,0.23965141612200433,1
tinyllama-1.1b,0.13071895424836602,0.23529411764705885,0.30718954248366015,0.224400871459695,2
smollm-135m,0.2222222222222222,0.16339869281045752,0.1503267973856209,0.17864923747276687,3
