,ci,qa,rc,Average,Rank
tinyllama-1.1b,0.9575163398692811,0.9640522875816994,0.9313725490196078,0.9509803921568628,1
smollm-135m,0.9477124183006534,0.9607843137254902,0.9248366013071897,0.9444444444444445,2
smollm-360m,0.9575163398692811,0.9346405228758169,0.9117647058823529,0.9346405228758169,3
