Task,ci,ci,ci,qa,qa,qa,rc,rc,rc
Metric,accuracy,set_size,coverage_rate,accuracy,set_size,coverage_rate,accuracy,set_size,coverage_rate
smollm-135m,0.2222222222222222,5.53921568627451,0.9477124183006534,0.16339869281045752,5.669934640522875,0.9607843137254902,0.1503267973856209,5.5130718954248366,0.9248366013071897
smollm-360m,0.2549019607843137,5.418300653594772,0.9575163398692811,0.18954248366013074,5.545751633986928,0.9346405228758169,0.2745098039215686,5.2026143790849675,0.9117647058823529
tinyllama-1.1b,0.13071895424836602,5.366013071895424,0.9575163398692811,0.23529411764705885,5.718954248366013,0.9640522875816994,0.30718954248366015,5.366013071895426,0.9313725490196078
